Workbook

Sheet Changes
A1: ID | B1: Category | C1: Area | D1: Change | E1: Detail | F1: Status | G1: Action needed | H1: Files | I1: Risk if skipped
A2: 1 | B2: Database | C2: Services | D2: Provider trade name -> TIVORYX | E2: tasks offer doc provider_name changed from 'Karan Tiwari' to 'TIVORYX' so the shop name is separate from the member name. | F2: Applied | G2: No | H2: tasks/karan-house-ply-syngut-overgrip-replacement | I2: None - already live.
A3: 2 | B3: Database | C3: Profile | D3: Member name -> Karan Tiwari | E3: users.name and stats.name changed from 'Tivoryx (Karan)' to 'Karan Tiwari'. Was NOT already that value. | F3: Applied | G3: No | H3: users/FYjN50oi..., stats/FYjN50oi... | I3: None - already live.
A4: 3 | B4: Database | C4: Services | D4: uid stamped on offer docs | E4: Links each provider offer to its owner account so Services rows can show the provider's profile photo. Pandemic Tennis has no account, so no uid. | F4: Applied | G4: No | H4: 5 docs in tasks (archie, fortyforty x3, karan) | I4: None - already live.
A5: 4 | B5: Database | C5: Tournament | D5: Denormalised player-name copies fixed | E5: event_participants.user_name and matches player/opponent name fields still read 'Tivoryx (Karan)'. Names are copied at write time, so renaming users/stats does not reach them. | F5: Applied | G5: No | H5: 2 event_participants + 2 matches docs | I5: None - already live.
A6: 5 | B6: Database | C6: Tournament | D6: Zephyr Open doubles format repair | E6: Four doubles registrations were stored in a format the UI did not count, showing 0 players. | F6: Applied | G6: No | H6: scripts/fix-zephyr-doubles.mjs | I6: None - already live.
A7: 6 | B7: Database | C7: Leagues | D7: 2025 season points restored | E7: leaguePoints25 re-added for two members (Rohan 3, Avinash 5) after confirming 2025 is a distinct season field. | F7: Applied | G7: No | H7: scripts/restore-2025-season.mjs | I7: None - already live.
A8: 7 | B8: Database | C8: Security | D8: Backfill connections + public_contacts | E8: Creates ~244 connections docs from existing accepted rallies/challenges and tournament fixtures, plus 3 marketplace seller markers. Dry-run verified; NOT run. | F8: Pending | G8: Run script | H8: scripts/backfill-connections.mjs | I8: Contact details stay readable by every signed-in member; deploying rules first would deny contact reads for everyone.
A9: 8 | B9: Database | C9: Security | D9: Strip PII from users collection | E9: Removes email/phone/whatsapp from the world-readable users collection. Dry run: 185 docs to strip, 3 skipped for having no contacts doc. NOT run. | F9: Pending | G9: Run script | H9: scripts/backfill-connections.mjs --strip | I9: HIGH - 188 members' emails and 147 phone numbers are readable by anyone on the internet, no sign-in required.
A10: 9 | B10: Security Rules | C10: Security | D10: contacts read narrowed to opponents | E10: Was 'any signed-in user'. Now owner, someone holding a connection, an organizer, or a marketplace seller with a public_contacts marker. | F10: Not deployed | G10: Yes | H10: firestore.rules | I10: Contact privacy is inert until deployed.
A11: 10 | B11: Security Rules | C11: Security | D11: connections collection rules | E11: New collection. Readable only by the two people in the pair; write: if false so only the trigger can create them. | F11: Not deployed | G11: Yes | H11: firestore.rules | I11: Contact gate cannot work without it.
A12: 11 | B12: Security Rules | C12: Marketplace | D12: public_contacts collection rules | E12: Marker saying a member has a live listing, so buyers can still contact sellers. Server-written only. | F12: Not deployed | G12: Yes | H12: firestore.rules | I12: Marketplace Contact buttons would vanish once the contacts rule ships.
A13: 12 | B13: Security Rules | C13: Security | D13: pairId() must match the function | E13: The same pair id is computed in firestore.rules and functions/connections.js. If they ever diverge, every contact read fails. | F13: Not deployed | G13: Yes | H13: firestore.rules + functions/connections.js | I13: Silent, total failure of contact reads.
... A46: 45 | B46: Cleanup | C46: Infra | D46: Throwaway codemod scripts removed | E46: Five single-use scripts written to perform the sweeps (borders x3, form compaction, provider audit). | F46: Complete | G46: No | H46: scratchpad only - never in the repo | I46: -

Sheet Summary
A1: Change log summary
A3: Counts are COUNTIF formulas over the Changes sheet, so they follow any row you add or edit there.
A5: By category | D5: By status | G5: Needs action before it takes effect
A6: Category | B6: Count | D6: Status | E6: Count | G6: Category | H6: Count
A7: Database | B7: =COUNTIF(Changes!$B$2:$B$46,A7) | D7: Applied | E7: =COUNTIF(Changes!$F$2:$F$46,D7) | G7: Database | H7: =COUNTIFS(Changes!$B$2:$B$46,G7,Changes!$G$2:$G$46,"<>No")
A8: Security Rules | B8: =COUNTIF(Changes!$B$2:$B$46,A8) | D8: Complete | E8: =COUNTIF(Changes!$F$2:$F$46,D8) | G8: Security Rules | H8: =COUNTIFS(Changes!$B$2:$B$46,G8,Changes!$G$2:$G$46,"<>No")
A9: Cloud Functions | B9: =COUNTIF(Changes!$B$2:$B$46,A9) | D9: Pending | E9: =COUNTIF(Changes!$F$2:$F$46,D9) | G9: Cloud Functions | H9: =COUNTIFS(Changes!$B$2:$B$46,G9,Changes!$G$2:$G$46,"<>No")
A10: Bug Fix | B10: =COUNTIF(Changes!$B$2:$B$46,A10) | D10: Not deployed | E10: =COUNTIF(Changes!$F$2:$F$46,D10) | G10: Bug Fix | H10: =COUNTIFS(Changes!$B$2:$B$46,G10,Changes!$G$2:$G$46,"<>No")
A11: UI | B11: =COUNTIF(Changes!$B$2:$B$46,A11) | D11: Informational | E11: =COUNTIF(Changes!$F$2:$F$46,D11) | G11: UI | H11: =COUNTIFS(Changes!$B$2:$B$46,G11,Changes!$G$2:$G$46,"<>No")
A12: Documentation | B12: =COUNTIF(Changes!$B$2:$B$46,A12) | D12: Total | E12: =SUM(E7:E11) | G12: Documentation | H12: =COUNTIFS(Changes!$B$2:$B$46,G12,Changes!$G$2:$G$46,"<>No")
A13: Cleanup | B13: =COUNTIF(Changes!$B$2:$B$46,A13) | G13: Cleanup | H13: =COUNTIFS(Changes!$B$2:$B$46,G13,Changes!$G$2:$G$46,"<>No")
A14: Total | B14: =SUM(B7:B13) | G14: Total | H14: =SUM(H7:H13)

Sheet Deploy Order
A1: Deploy order - the sequence matters
A2: Deploying the rules before the connections backfill denies contact reads for every member. Steps 1-6 are the contact-privacy chain; 7 ships the UI; 8 retries the failed functions.
A4: Step | B4: Command | C4: What it does | D4: Reversibility
A5: 1 | B5: firebase deploy --only functions:onMatchConnection,functions:onListingContact | C5: Trigger starts recording new connections while you work. | D5: Safe - additive only.
A6: 2 | B6: node scripts/backfill-connections.mjs --key serviceAccount.json --dry-run | C6: Preview: ~244 connections + 3 seller markers. | D6: Read-only.
A7: 3 | B7: node scripts/backfill-connections.mjs --key serviceAccount.json | C7: Creates the connection docs for relationships that already exist. | D7: Additive - creates docs only.
A8: 4 | B8: firebase deploy --only firestore:rules | C8: Contact gate goes live. Must come AFTER step 3 or contact reads fail for everyone. | D8: Reversible by redeploying old rules.
A9: 5 | B9: node scripts/backfill-connections.mjs --key serviceAccount.json --strip --dry-run | C9: Preview: 185 users docs to strip, 3 skipped. | D9: Read-only.
A10: 6 | B10: node scripts/backfill-connections.mjs --key serviceAccount.json --strip | C10: Removes PII from the world-readable users collection. | D10: DESTRUCTIVE - no backups exist. Contacts docs hold the only other copy.
A11: 7 | B11: firebase deploy --only hosting | C11: Ships every UI and bug fix in this log. | D11: Reversible by redeploying.
A12: 8 | B12: npx firebase deploy --only functions:onLadderChallengeUpdated,functions:onZoneChangeRequested | C12: Retry of the two that hit a network error. | D12: Safe - retry of a failed deploy.

Sheet Open Items
A1: Category | B1: Area | C1: Item | D1: Why it is open | E1: Suggested action
A2: Security | B2: Events | C2: useJoin.ts reads zone_draw_config raw | D2: Same bug class as the Change Zone button: the field is null on every event, so the 'late joiners may only take a slot in their own zone' restriction never applies. | E2: Decide whether to enforce it - fixing changes who can join which bracket.
A3: Database | B3: Services | C3: Legacy inactive Karan offer doc | D3: active:false, old stringer_id/stringer_name shape, no category. Filtered out of the catalog so it never renders. | E3: Delete if you want the collection clean.
A4: Cleanup | B4: Infra | C4: scripts/fix-offer-providers.cjs | D4: Dated Aug 10, predates this session, not mine. Overlaps with the provider uid + TIVORYX work now applied. | E4: Review and delete if redundant.
A5: Cleanup | B5: Tournament | C5: Unused props after 'Your Group' removal | D5: isParticipant on RRGroupCard, userRRGroup and userRRMatches in Tournament.tsx. tsc does not flag them. | E5: Remove if you want them gone - needs edits up the prop chain.
A6: UI | B6: Shared | C6: placeholder-gray-500 is theme-blind | D6: Hardcoded grey on inputs across the app, which the new CLAUDE.md text-colour rule forbids. | E6: Separate sweep.
A7: Security | B7: Infra | C7: Rules deploy state unverified | D7: A speculative 'firebase deploy --dry-run' was started and killed mid-run; whether it released a ruleset was never confirmed. | E7: Check Firebase Console > Firestore > Rules history before deploying.

Sheet Legend
A1: How to use this workbook
A3: Changes | B3: The full log. Row 1 has filter arrows - click Category, Area or Status to narrow it.
A4: Status: Applied | B4: Written to production already. Nothing further to do.
A5: Status: Complete | B5: Code change made and type-checked; ships with the next hosting deploy.
A6: Status: Pending | B6: A script exists but has NOT been run.
A7: Status: Not deployed | B7: Code or rules written but not pushed to Firebase.
A8: Status: Informational | B8: Diagnosis or context, no change required.
A9: Deploy Order | B9: Run top to bottom. Order is not cosmetic - see the note on that sheet.
A10: Open Items | B10: Known issues deliberately not addressed, with a suggested action for each.
A11: Verification | B11: Every code change passed tsc --noEmit. There are no automated tests in this repo, and per CLAUDE.md no dev server was started - UI changes need your eye.
A12: Source | B12: Compiled from the working-tree changes of the 11-12 Aug 2026 session. Document counts (244 connections, 185 users to strip) come from dry runs against production.
